,RMSE,MAE
LinearRegression,1.304751651029996,1.0389918035618766
Ridge,1.2757602372043855,1.0188098503376726
