,RMSE,MAE
LinearRegression,1.304751651030667,1.0389918035622754
Ridge,1.2757602372043855,1.0188098503376721
